{"1": {"train_per_image_iou": 0.2551111111111112, "train_dataset_iou": 0.3421111111111111, "train_average_loss": 0.6459999999999999, "train_f1_score": 0.4904444444444445, "train_accuracy": 0.8497777777777779, "train_precision": 0.35777777777777775, "train_recall": 0.7274444444444442, "train_sensitivity": 0.7274444444444442, "train_specificity": 0.833888888888889, "train_balanced_accuracy": 0.7806666666666667}, "2": {"train_per_image_iou": 0.46966666666666695, "train_dataset_iou": 0.6052222222222221, "train_average_loss": 0.42022222222222205, "train_f1_score": 0.7477777777777778, "train_accuracy": 0.9605555555555554, "train_precision": 0.6617777777777779, "train_recall": 0.7238888888888889, "train_sensitivity": 0.7238888888888889, "train_specificity": 0.9632222222222222, "train_balanced_accuracy": 0.8435555555555556}, "3": {"train_per_image_iou": 0.5413333333333336, "train_dataset_iou": 0.6852222222222223, "train_average_loss": 0.2971111111111112, "train_f1_score": 0.809, "train_accuracy": 0.9732222222222218, "train_precision": 0.7696666666666673, "train_recall": 0.7103333333333334, "train_sensitivity": 0.7103333333333334, "train_specificity": 0.9797777777777771, "train_balanced_accuracy": 0.8455555555555555}, "4": {"train_per_image_iou": 0.5826666666666669, "train_dataset_iou": 0.7231111111111114, "train_average_loss": 0.2323333333333333, "train_f1_score": 0.8358888888888888, "train_accuracy": 0.9778888888888889, "train_precision": 0.8146666666666665, "train_recall": 0.725, "train_sensitivity": 0.725, "train_specificity": 0.9854444444444439, "train_balanced_accuracy": 0.8556666666666666}, "5": {"train_per_image_iou": 0.6161111111111108, "train_dataset_iou": 0.7562222222222224, "train_average_loss": 0.18844444444444444, "train_f1_score": 0.8595555555555557, "train_accuracy": 0.9823333333333325, "train_precision": 0.8494444444444444, "train_recall": 0.7333333333333333, "train_sensitivity": 0.7333333333333333, "train_specificity": 0.9879999999999989, "train_balanced_accuracy": 0.8608888888888888}, "6": {"train_per_image_iou": 0.6383333333333333, "train_dataset_iou": 0.7772222222222223, "train_average_loss": 0.1613333333333333, "train_f1_score": 0.8728888888888893, "train_accuracy": 0.9833333333333328, "train_precision": 0.8710000000000002, "train_recall": 0.747, "train_sensitivity": 0.747, "train_specificity": 0.9893333333333323, "train_balanced_accuracy": 0.8682222222222221}, "7": {"train_per_image_iou": 0.6612222222222222, "train_dataset_iou": 0.7989999999999998, "train_average_loss": 0.13899999999999998, "train_f1_score": 0.8878888888888891, "train_accuracy": 0.9854444444444438, "train_precision": 0.8848888888888886, "train_recall": 0.7591111111111111, "train_sensitivity": 0.7591111111111111, "train_specificity": 0.9899999999999991, "train_balanced_accuracy": 0.8746666666666669}, "8": {"train_per_image_iou": 0.6817777777777778, "train_dataset_iou": 0.8125555555555554, "train_average_loss": 0.12688888888888886, "train_f1_score": 0.8953333333333333, "train_accuracy": 0.9869999999999999, "train_precision": 0.8963333333333335, "train_recall": 0.7746666666666666, "train_sensitivity": 0.7746666666666666, "train_specificity": 0.9909999999999992, "train_balanced_accuracy": 0.8835555555555555}, "9": {"train_per_image_iou": 0.6958888888888888, "train_dataset_iou": 0.8255555555555555, "train_average_loss": 0.11588888888888889, "train_f1_score": 0.9031111111111111, "train_accuracy": 0.9882222222222211, "train_precision": 0.9042222222222218, "train_recall": 0.7836666666666665, "train_sensitivity": 0.7836666666666665, "train_specificity": 0.9917777777777771, "train_balanced_accuracy": 0.8887777777777779}, "10": {"train_per_image_iou": 0.713333333333333, "train_dataset_iou": 0.8335555555555562, "train_average_loss": 0.1083333333333333, "train_f1_score": 0.9078888888888892, "train_accuracy": 0.9879999999999991, "train_precision": 0.9082222222222224, "train_recall": 0.799222222222222, "train_sensitivity": 0.799222222222222, "train_specificity": 0.9924444444444436, "train_balanced_accuracy": 0.8955555555555553}, "11": {"train_per_image_iou": 0.7186666666666669, "train_dataset_iou": 0.8369999999999996, "train_average_loss": 0.10422222222222217, "train_f1_score": 0.9103333333333338, "train_accuracy": 0.9887777777777768, "train_precision": 0.9093333333333333, "train_recall": 0.807666666666667, "train_sensitivity": 0.807666666666667, "train_specificity": 0.9921111111111104, "train_balanced_accuracy": 0.8998888888888888}, "12": {"train_per_image_iou": 0.7242222222222224, "train_dataset_iou": 0.8415555555555552, "train_average_loss": 0.0993333333333333, "train_f1_score": 0.9126666666666672, "train_accuracy": 0.9877777777777765, "train_precision": 0.9182222222222224, "train_recall": 0.8047777777777778, "train_sensitivity": 0.8047777777777778, "train_specificity": 0.9934444444444439, "train_balanced_accuracy": 0.8992222222222221}, "13": {"train_per_image_iou": 0.7374444444444443, "train_dataset_iou": 0.8523333333333333, "train_average_loss": 0.09199999999999993, "train_f1_score": 0.9197777777777779, "train_accuracy": 0.9887777777777771, "train_precision": 0.9178888888888884, "train_recall": 0.8203333333333334, "train_sensitivity": 0.8203333333333334, "train_specificity": 0.9933333333333326, "train_balanced_accuracy": 0.9063333333333334}, "14": {"train_per_image_iou": 0.7356666666666668, "train_dataset_iou": 0.8442222222222221, "train_average_loss": 0.09555555555555557, "train_f1_score": 0.9144444444444451, "train_accuracy": 0.9888888888888878, "train_precision": 0.9175555555555553, "train_recall": 0.8162222222222225, "train_sensitivity": 0.8162222222222225, "train_specificity": 0.9933333333333326, "train_balanced_accuracy": 0.9047777777777785}, "15": {"train_per_image_iou": 0.7401111111111113, "train_dataset_iou": 0.8494444444444447, "train_average_loss": 0.09122222222222223, "train_f1_score": 0.9178888888888889, "train_accuracy": 0.9889999999999991, "train_precision": 0.9186666666666667, "train_recall": 0.8212222222222226, "train_sensitivity": 0.8212222222222226, "train_specificity": 0.9927777777777768, "train_balanced_accuracy": 0.9075555555555559}, "16": {"train_per_image_iou": 0.7268888888888887, "train_dataset_iou": 0.8376666666666668, "train_average_loss": 0.0976666666666667, "train_f1_score": 0.9104444444444446, "train_accuracy": 0.9885555555555546, "train_precision": 0.9143333333333336, "train_recall": 0.8122222222222222, "train_sensitivity": 0.8122222222222222, "train_specificity": 0.9929999999999995, "train_balanced_accuracy": 0.9031111111111113}, "17": {"train_per_image_iou": 0.7594444444444446, "train_dataset_iou": 0.8637777777777778, "train_average_loss": 0.08144444444444444, "train_f1_score": 0.9266666666666665, "train_accuracy": 0.9894444444444436, "train_precision": 0.9255555555555554, "train_recall": 0.8381111111111111, "train_sensitivity": 0.8381111111111111, "train_specificity": 0.9939999999999998, "train_balanced_accuracy": 0.9161111111111111}, "18": {"train_per_image_iou": 0.7745555555555558, "train_dataset_iou": 0.8695555555555554, "train_average_loss": 0.07777777777777772, "train_f1_score": 0.9292222222222223, "train_accuracy": 0.9898888888888879, "train_precision": 0.9299999999999997, "train_recall": 0.8473333333333334, "train_sensitivity": 0.8473333333333334, "train_specificity": 0.9954444444444441, "train_balanced_accuracy": 0.9211111111111109}, "19": {"train_per_image_iou": 0.7780000000000001, "train_dataset_iou": 0.8758888888888892, "train_average_loss": 0.0744444444444444, "train_f1_score": 0.9328888888888887, "train_accuracy": 0.9898888888888878, "train_precision": 0.9341111111111112, "train_recall": 0.8488888888888889, "train_sensitivity": 0.8488888888888889, "train_specificity": 0.9959999999999993, "train_balanced_accuracy": 0.9221111111111119}, "20": {"train_per_image_iou": 0.7867777777777778, "train_dataset_iou": 0.8834444444444449, "train_average_loss": 0.06922222222222224, "train_f1_score": 0.9375555555555561,