{"1": {"train_per_image_iou": 0.29866666666666675, "train_dataset_iou": 0.4521111111111111, "train_average_loss": 0.4677777777777778, "train_f1_score": 0.6001111111111112, "train_accuracy": 0.9183333333333329, "train_precision": 0.5358888888888887, "train_recall": 0.5021111111111113, "train_sensitivity": 0.5021111111111113, "train_specificity": 0.9227777777777776, "train_balanced_accuracy": 0.712666666666667}, "2": {"train_per_image_iou": 0.46355555555555544, "train_dataset_iou": 0.6492222222222221, "train_average_loss": 0.24622222222222218, "train_f1_score": 0.7833333333333334, "train_accuracy": 0.9720000000000001, "train_precision": 0.7825555555555551, "train_recall": 0.5793333333333333, "train_sensitivity": 0.5793333333333333, "train_specificity": 0.9836666666666656, "train_balanced_accuracy": 0.7813333333333334}, "3": {"train_per_image_iou": 0.5112222222222221, "train_dataset_iou": 0.6872222222222224, "train_average_loss": 0.20877777777777784, "train_f1_score": 0.8117777777777779, "train_accuracy": 0.9762222222222219, "train_precision": 0.826777777777778, "train_recall": 0.6108888888888888, "train_sensitivity": 0.6108888888888888, "train_specificity": 0.9864444444444441, "train_balanced_accuracy": 0.7983333333333332}, "4": {"train_per_image_iou": 0.5610000000000002, "train_dataset_iou": 0.7375555555555552, "train_average_loss": 0.170888888888889, "train_f1_score": 0.846111111111111, "train_accuracy": 0.9798888888888887, "train_precision": 0.8564444444444445, "train_recall": 0.6505555555555554, "train_sensitivity": 0.6505555555555554, "train_specificity": 0.988777777777777, "train_balanced_accuracy": 0.8202222222222223}, "5": {"train_per_image_iou": 0.5901111111111109, "train_dataset_iou": 0.7653333333333334, "train_average_loss": 0.15044444444444446, "train_f1_score": 0.8648888888888889, "train_accuracy": 0.983444444444444, "train_precision": 0.8767777777777778, "train_recall": 0.6727777777777777, "train_sensitivity": 0.6727777777777777, "train_specificity": 0.9903333333333323, "train_balanced_accuracy": 0.8319999999999997}, "6": {"train_per_image_iou": 0.6127777777777778, "train_dataset_iou": 0.7717777777777777, "train_average_loss": 0.14511111111111105, "train_f1_score": 0.8700000000000003, "train_accuracy": 0.9842222222222222, "train_precision": 0.8831111111111108, "train_recall": 0.6996666666666667, "train_sensitivity": 0.6996666666666667, "train_specificity": 0.9905555555555545, "train_balanced_accuracy": 0.8454444444444447}, "7": {"train_per_image_iou": 0.6321111111111111, "train_dataset_iou": 0.7891111111111109, "train_average_loss": 0.13244444444444445, "train_f1_score": 0.880888888888889, "train_accuracy": 0.9851111111111107, "train_precision": 0.8957777777777778, "train_recall": 0.7123333333333332, "train_sensitivity": 0.7123333333333332, "train_specificity": 0.9913333333333325, "train_balanced_accuracy": 0.8524444444444442}, "8": {"train_per_image_iou": 0.6564444444444447, "train_dataset_iou": 0.8087777777777778, "train_average_loss": 0.11844444444444437, "train_f1_score": 0.8935555555555554, "train_accuracy": 0.9865555555555546, "train_precision": 0.9055555555555562, "train_recall": 0.7335555555555555, "train_sensitivity": 0.7335555555555555, "train_specificity": 0.9921111111111105, "train_balanced_accuracy": 0.8632222222222226}, "9": {"train_per_image_iou": 0.6664444444444443, "train_dataset_iou": 0.8121111111111111, "train_average_loss": 0.11655555555555552, "train_f1_score": 0.894888888888889, "train_accuracy": 0.9869999999999995, "train_precision": 0.9072222222222225, "train_recall": 0.7443333333333334, "train_sensitivity": 0.7443333333333334, "train_specificity": 0.9921111111111103, "train_balanced_accuracy": 0.8683333333333335}, "10": {"train_per_image_iou": 0.6778888888888889, "train_dataset_iou": 0.8175555555555558, "train_average_loss": 0.11211111111111105, "train_f1_score": 0.8988888888888891, "train_accuracy": 0.9873333333333325, "train_precision": 0.9086666666666668, "train_recall": 0.7557777777777775, "train_sensitivity": 0.7557777777777775, "train_specificity": 0.9923333333333327, "train_balanced_accuracy": 0.8744444444444446}, "11": {"train_per_image_iou": 0.6952222222222223, "train_dataset_iou": 0.833888888888889, "train_average_loss": 0.10122222222222224, "train_f1_score": 0.9085555555555556, "train_accuracy": 0.9882222222222212, "train_precision": 0.9201111111111113, "train_recall": 0.7671111111111111, "train_sensitivity": 0.7671111111111111, "train_specificity": 0.9939999999999997, "train_balanced_accuracy": 0.880888888888889}, "12": {"train_per_image_iou": 0.7060000000000001, "train_dataset_iou": 0.8379999999999995, "train_average_loss": 0.09866666666666664, "train_f1_score": 0.9105555555555562, "train_accuracy": 0.9884444444444439, "train_precision": 0.9199999999999999, "train_recall": 0.7793333333333335, "train_sensitivity": 0.7793333333333335, "train_specificity": 0.9937777777777773, "train_balanced_accuracy": 0.8866666666666669}, "13": {"train_per_image_iou": 0.7164444444444444, "train_dataset_iou": 0.8491111111111107, "train_average_loss": 0.0911111111111111, "train_f1_score": 0.9178888888888892, "train_accuracy": 0.9887777777777772, "train_precision": 0.924777777777778, "train_recall": 0.7894444444444444, "train_sensitivity": 0.7894444444444444, "train_specificity": 0.9941111111111103, "train_balanced_accuracy": 0.8923333333333333}, "14": {"train_per_image_iou": 0.7267777777777776, "train_dataset_iou": 0.8482222222222221, "train_average_loss": 0.09122222222222222, "train_f1_score": 0.9173333333333336, "train_accuracy": 0.9891111111111102, "train_precision": 0.9245555555555555, "train_recall": 0.7973333333333339, "train_sensitivity": 0.7973333333333339, "train_specificity": 0.9942222222222221, "train_balanced_accuracy": 0.8957777777777778}, "15": {"train_per_image_iou": 0.7319999999999998, "train_dataset_iou": 0.8535555555555555, "train_average_loss": 0.08777777777777773, "train_f1_score": 0.9201111111111113, "train_accuracy": 0.9893333333333325, "train_precision": 0.9285555555555557, "train_recall": 0.8002222222222224, "train_sensitivity": 0.8002222222222224, "train_specificity": 0.9952222222222218, "train_balanced_accuracy": 0.897888888888889}, "16": {"train_per_image_iou": 0.7395555555555556, "train_dataset_iou": 0.8594444444444442, "train_average_loss": 0.08422222222222221, "train_f1_score": 0.9244444444444448, "train_accuracy": 0.989777777777777, "train_precision": 0.9321111111111111, "train_recall": 0.8073333333333335, "train_sensitivity": 0.8073333333333335, "train_specificity": 0.9953333333333327, "train_balanced_accuracy": 0.9010000000000002}, "17": {"train_per_image_iou": 0.7475555555555558, "train_dataset_iou": 0.8651111111111106, "train_average_loss": 0.08066666666666662, "train_f1_score": 0.9268888888888888, "train_accuracy": 0.9895555555555546, "train_precision": 0.9347777777777779, "train_recall": 0.8145555555555553, "train_sensitivity": 0.8145555555555553, "train_specificity": 0.9956666666666664, "train_balanced_accuracy": 0.9046666666666665}, "18": {"train_per_image_iou": 0.7468888888888887, "train_dataset_iou": 0.8619999999999999, "train_average_loss": 0.08199999999999998, "train_f1_score": 0.9253333333333337, "train_accuracy": 0.9895555555555546, "train_precision": 0.9327777777777777, "train_recall": 0.8154444444444443, "train_sensitivity": 0.8154444444444443, "train_specificity": 0.9955555555555555, "train_balanced_accuracy": 0.905}, "19": {"train_per_image_iou": 0.753777777777778, "train_dataset_iou": 0.863888888888889, "train_average_loss": 0.08055555555555552, "train_f1_score": 0.9263333333333336, "train_accuracy": 0.9902222222222214, "train_precision": 0.9333333333333335, "train_recall": 0.8196666666666667, "train_sensitivity": 0.8196666666666667, "train_specificity": 0.9962222222222223, "train_balanced_accuracy": 0.9073333333333334}, "20": {"train_per_image_iou": 0.7616666666666665, "train_dataset_iou": 0.8696666666666663, "train_average_loss": 0.07633333333333331,