{"1": {"train_per_image_iou": 0.25455555555555553, "train_dataset_iou": 0.44955555555555554, "train_average_loss": 0.47133333333333327, "train_f1_score": 0.5936666666666666, "train_accuracy": 0.9182222222222219, "train_precision": 0.5835555555555555, "train_recall": 0.3938888888888887, "train_sensitivity": 0.3938888888888887, "train_specificity": 0.9292222222222215, "train_balanced_accuracy": 0.6614444444444442}, "2": {"train_per_image_iou": 0.4334444444444446, "train_dataset_iou": 0.6314444444444445, "train_average_loss": 0.2521111111111111, "train_f1_score": 0.7713333333333333, "train_accuracy": 0.9703333333333332, "train_precision": 0.8022222222222223, "train_recall": 0.5204444444444444, "train_sensitivity": 0.5204444444444444, "train_specificity": 0.9863333333333326, "train_balanced_accuracy": 0.7535555555555558}, "3": {"train_per_image_iou": 0.4777777777777777, "train_dataset_iou": 0.6575555555555556, "train_average_loss": 0.22477777777777785, "train_f1_score": 0.7901111111111111, "train_accuracy": 0.9736666666666661, "train_precision": 0.8176666666666665, "train_recall": 0.5684444444444443, "train_sensitivity": 0.5684444444444443, "train_specificity": 0.9876666666666664, "train_balanced_accuracy": 0.7783333333333334}, "4": {"train_per_image_iou": 0.515222222222222, "train_dataset_iou": 0.6974444444444444, "train_average_loss": 0.19244444444444445, "train_f1_score": 0.8192222222222224, "train_accuracy": 0.9763333333333333, "train_precision": 0.8351111111111109, "train_recall": 0.608, "train_sensitivity": 0.608, "train_specificity": 0.98711111111111, "train_balanced_accuracy": 0.7982222222222224}, "5": {"train_per_image_iou": 0.5372222222222223, "train_dataset_iou": 0.7094444444444443, "train_average_loss": 0.18366666666666667, "train_f1_score": 0.8263333333333333, "train_accuracy": 0.9777777777777773, "train_precision": 0.8404444444444448, "train_recall": 0.624333333333333, "train_sensitivity": 0.624333333333333, "train_specificity": 0.9878888888888883, "train_balanced_accuracy": 0.8063333333333331}, "6": {"train_per_image_iou": 0.5473333333333333, "train_dataset_iou": 0.7131111111111111, "train_average_loss": 0.18155555555555558, "train_f1_score": 0.8278888888888891, "train_accuracy": 0.9791111111111107, "train_precision": 0.8421111111111108, "train_recall": 0.6426666666666667, "train_sensitivity": 0.6426666666666667, "train_specificity": 0.9882222222222216, "train_balanced_accuracy": 0.8164444444444443}, "7": {"train_per_image_iou": 0.5665555555555556, "train_dataset_iou": 0.735333333333333, "train_average_loss": 0.16366666666666668, "train_f1_score": 0.8443333333333334, "train_accuracy": 0.9795555555555552, "train_precision": 0.8570000000000001, "train_recall": 0.6522222222222221, "train_sensitivity": 0.6522222222222221, "train_specificity": 0.9886666666666659, "train_balanced_accuracy": 0.8207777777777778}, "8": {"train_per_image_iou": 0.5836666666666666, "train_dataset_iou": 0.7504444444444448, "train_average_loss": 0.15322222222222226, "train_f1_score": 0.8547777777777779, "train_accuracy": 0.9815555555555546, "train_precision": 0.8641111111111109, "train_recall": 0.6706666666666669, "train_sensitivity": 0.6706666666666669, "train_specificity": 0.9891111111111102, "train_balanced_accuracy": 0.8299999999999998}, "9": {"train_per_image_iou": 0.599888888888889, "train_dataset_iou": 0.7613333333333333, "train_average_loss": 0.14388888888888882, "train_f1_score": 0.8627777777777779, "train_accuracy": 0.9821111111111114, "train_precision": 0.8692222222222222, "train_recall": 0.6870000000000003, "train_sensitivity": 0.6870000000000003, "train_specificity": 0.9893333333333326, "train_balanced_accuracy": 0.8385555555555555}, "10": {"train_per_image_iou": 0.6142222222222221, "train_dataset_iou": 0.7678888888888886, "train_average_loss": 0.1408888888888889, "train_f1_score": 0.8667777777777776, "train_accuracy": 0.9829999999999995, "train_precision": 0.8731111111111113, "train_recall": 0.7006666666666667, "train_sensitivity": 0.7006666666666667, "train_specificity": 0.9893333333333326, "train_balanced_accuracy": 0.8450000000000001}, "11": {"train_per_image_iou": 0.6242222222222222, "train_dataset_iou": 0.7757777777777777, "train_average_loss": 0.13477777777777777, "train_f1_score": 0.871888888888889, "train_accuracy": 0.9834444444444437, "train_precision": 0.8785555555555556, "train_recall": 0.7113333333333335, "train_sensitivity": 0.7113333333333335, "train_specificity": 0.9901111111111103, "train_balanced_accuracy": 0.8512222222222219}, "12": {"train_per_image_iou": 0.6305555555555554, "train_dataset_iou": 0.7786666666666666, "train_average_loss": 0.1317777777777778, "train_f1_score": 0.8745555555555556, "train_accuracy": 0.9842222222222219, "train_precision": 0.8838888888888892, "train_recall": 0.7125555555555559, "train_sensitivity": 0.7125555555555559, "train_specificity": 0.9901111111111103, "train_balanced_accuracy": 0.8515555555555553}, "13": {"train_per_image_iou": 0.6412222222222222, "train_dataset_iou": 0.7904444444444443, "train_average_loss": 0.12455555555555556, "train_f1_score": 0.8816666666666673, "train_accuracy": 0.9848888888888884, "train_precision": 0.8896666666666667, "train_recall": 0.7237777777777776, "train_sensitivity": 0.7237777777777776, "train_specificity": 0.9896666666666658, "train_balanced_accuracy": 0.8575555555555555}, "14": {"train_per_image_iou": 0.649222222222222, "train_dataset_iou": 0.7952222222222226, "train_average_loss": 0.12188888888888884, "train_f1_score": 0.8839999999999999, "train_accuracy": 0.9848888888888881, "train_precision": 0.8918888888888892, "train_recall": 0.7323333333333332, "train_sensitivity": 0.7323333333333332, "train_specificity": 0.9908888888888882, "train_balanced_accuracy": 0.8621111111111109}, "15": {"train_per_image_iou": 0.6572222222222223, "train_dataset_iou": 0.7997777777777777, "train_average_loss": 0.11811111111111108, "train_f1_score": 0.8872222222222224, "train_accuracy": 0.9862222222222212, "train_precision": 0.8934444444444447, "train_recall": 0.7375555555555553, "train_sensitivity": 0.7375555555555553, "train_specificity": 0.9909999999999993, "train_balanced_accuracy": 0.8637777777777783}, "16": {"train_per_image_iou": 0.6588888888888887, "train_dataset_iou": 0.7952222222222223, "train_average_loss": 0.12133333333333331, "train_f1_score": 0.8844444444444446, "train_accuracy": 0.9858888888888881, "train_precision": 0.8903333333333334, "train_recall": 0.7416666666666668, "train_sensitivity": 0.7416666666666668, "train_specificity": 0.9898888888888882, "train_balanced_accuracy": 0.8667777777777776}, "17": {"train_per_image_iou": 0.6692222222222224, "train_dataset_iou": 0.8026666666666666, "train_average_loss": 0.11611111111111108, "train_f1_score": 0.8891111111111112, "train_accuracy": 0.9861111111111106, "train_precision": 0.8949999999999997, "train_recall": 0.7512222222222222, "train_sensitivity": 0.7512222222222222, "train_specificity": 0.9915555555555551, "train_balanced_accuracy": 0.8722222222222219}, "18": {"train_per_image_iou": 0.6788888888888887, "train_dataset_iou": 0.8125555555555557, "train_average_loss": 0.10877777777777775, "train_f1_score": 0.8964444444444448, "train_accuracy": 0.9871111111111107, "train_precision": 0.9015555555555559, "train_recall": 0.7575555555555556, "train_sensitivity": 0.7575555555555556, "train_specificity": 0.9918888888888884, "train_balanced_accuracy": 0.8744444444444446}, "19": {"train_per_image_iou": 0.6862222222222224, "train_dataset_iou": 0.8244444444444446, "train_average_loss": 0.1012222222222222, "train_f1_score": 0.903111111111111, "train_accuracy": 0.9875555555555545, "train_precision": 0.9097777777777779, "train_recall": 0.7649999999999999, "train_sensitivity": 0.7649999999999999, "train_specificity": 0.9915555555555549, "train_balanced_accuracy": 0.8788888888888892}, "20": {"train_per_image_iou": 0.6943333333333332, "train_dataset_iou": 0.8259999999999998, "train_average_loss": 0.10066666666666667,