{"1": {"train_per_image_iou": 0.2667777777777778, "train_dataset_iou": 0.4547777777777778, "train_average_loss": 0.3976666666666667, "train_f1_score": 0.6097777777777779, "train_accuracy": 0.9287777777777778, "train_precision": 0.5894444444444444, "train_recall": 0.4333333333333334, "train_sensitivity": 0.4333333333333334, "train_specificity": 0.9443333333333336, "train_balanced_accuracy": 0.6885555555555556}, "2": {"train_per_image_iou": 0.42822222222222245, "train_dataset_iou": 0.6101111111111113, "train_average_loss": 0.25211111111111106, "train_f1_score": 0.7537777777777777, "train_accuracy": 0.9675555555555554, "train_precision": 0.7611111111111113, "train_recall": 0.5458888888888892, "train_sensitivity": 0.5458888888888892, "train_specificity": 0.9817777777777772, "train_balanced_accuracy": 0.7638888888888891}, "3": {"train_per_image_iou": 0.5238888888888886, "train_dataset_iou": 0.6936666666666665, "train_average_loss": 0.18811111111111115, "train_f1_score": 0.8167777777777777, "train_accuracy": 0.9757777777777777, "train_precision": 0.8273333333333336, "train_recall": 0.6301111111111111, "train_sensitivity": 0.6301111111111111, "train_specificity": 0.9864444444444441, "train_balanced_accuracy": 0.8083333333333331}, "4": {"train_per_image_iou": 0.5799999999999998, "train_dataset_iou": 0.7453333333333333, "train_average_loss": 0.15366666666666667, "train_f1_score": 0.8520000000000001, "train_accuracy": 0.9808888888888885, "train_precision": 0.861, "train_recall": 0.6748888888888889, "train_sensitivity": 0.6748888888888889, "train_specificity": 0.9883333333333323, "train_balanced_accuracy": 0.8315555555555557}, "5": {"train_per_image_iou": 0.6119999999999999, "train_dataset_iou": 0.7662222222222221, "train_average_loss": 0.14077777777777772, "train_f1_score": 0.8635555555555551, "train_accuracy": 0.9834444444444439, "train_precision": 0.8754444444444444, "train_recall": 0.7014444444444444, "train_sensitivity": 0.7014444444444444, "train_specificity": 0.9889999999999994, "train_balanced_accuracy": 0.8453333333333333}, "6": {"train_per_image_iou": 0.6402222222222222, "train_dataset_iou": 0.7942222222222223, "train_average_loss": 0.12033333333333333, "train_f1_score": 0.884444444444444, "train_accuracy": 0.9853333333333334, "train_precision": 0.8962222222222221, "train_recall": 0.725444444444444, "train_sensitivity": 0.725444444444444, "train_specificity": 0.9907777777777766, "train_balanced_accuracy": 0.8583333333333331}, "7": {"train_per_image_iou": 0.6566666666666665, "train_dataset_iou": 0.8061111111111111, "train_average_loss": 0.11311111111111105, "train_f1_score": 0.8914444444444448, "train_accuracy": 0.986555555555555, "train_precision": 0.9026666666666667, "train_recall": 0.736, "train_sensitivity": 0.736, "train_specificity": 0.9919999999999993, "train_balanced_accuracy": 0.8641111111111114}, "8": {"train_per_image_iou": 0.6762222222222222, "train_dataset_iou": 0.8127777777777778, "train_average_loss": 0.10899999999999999, "train_f1_score": 0.8954444444444444, "train_accuracy": 0.9868888888888881, "train_precision": 0.9074444444444443, "train_recall": 0.7538888888888892, "train_sensitivity": 0.7538888888888892, "train_specificity": 0.9924444444444437, "train_balanced_accuracy": 0.8732222222222219}, "9": {"train_per_image_iou": 0.6884444444444444, "train_dataset_iou": 0.8213333333333332, "train_average_loss": 0.10355555555555553, "train_f1_score": 0.9008888888888891, "train_accuracy": 0.9875555555555552, "train_precision": 0.9117777777777778, "train_recall": 0.7675555555555559, "train_sensitivity": 0.7675555555555559, "train_specificity": 0.9929999999999994, "train_balanced_accuracy": 0.8805555555555558}, "10": {"train_per_image_iou": 0.6999999999999998, "train_dataset_iou": 0.8268888888888889, "train_average_loss": 0.09977777777777776, "train_f1_score": 0.9046666666666672, "train_accuracy": 0.98811111111111, "train_precision": 0.9123333333333332, "train_recall": 0.7796666666666664, "train_sensitivity": 0.7796666666666664, "train_specificity": 0.9926666666666663, "train_balanced_accuracy": 0.8867777777777774}, "11": {"train_per_image_iou": 0.7123333333333334, "train_dataset_iou": 0.8407777777777778, "train_average_loss": 0.09144444444444443, "train_f1_score": 0.9121111111111111, "train_accuracy": 0.9887777777777772, "train_precision": 0.9206666666666666, "train_recall": 0.7846666666666667, "train_sensitivity": 0.7846666666666667, "train_specificity": 0.9936666666666663, "train_balanced_accuracy": 0.8894444444444444}, "12": {"train_per_image_iou": 0.7284444444444443, "train_dataset_iou": 0.8436666666666666, "train_average_loss": 0.08933333333333332, "train_f1_score": 0.9148888888888892, "train_accuracy": 0.9888888888888882, "train_precision": 0.9221111111111113, "train_recall": 0.803666666666667, "train_sensitivity": 0.803666666666667, "train_specificity": 0.994555555555555, "train_balanced_accuracy": 0.8988888888888888}, "13": {"train_per_image_iou": 0.7278888888888889, "train_dataset_iou": 0.8462222222222222, "train_average_loss": 0.08766666666666663, "train_f1_score": 0.9153333333333334, "train_accuracy": 0.9893333333333323, "train_precision": 0.9224444444444445, "train_recall": 0.8002222222222224, "train_sensitivity": 0.8002222222222224, "train_specificity": 0.9943333333333328, "train_balanced_accuracy": 0.8969999999999997}, "14": {"train_per_image_iou": 0.7405555555555556, "train_dataset_iou": 0.8542222222222223, "train_average_loss": 0.08211111111111108, "train_f1_score": 0.9204444444444448, "train_accuracy": 0.9893333333333323, "train_precision": 0.9295555555555557, "train_recall": 0.8113333333333335, "train_sensitivity": 0.8113333333333335, "train_specificity": 0.9951111111111108, "train_balanced_accuracy": 0.9028888888888891}, "15": {"train_per_image_iou": 0.745222222222222, "train_dataset_iou": 0.8562222222222218, "train_average_loss": 0.08155555555555555, "train_f1_score": 0.9211111111111113, "train_accuracy": 0.989555555555555, "train_precision": 0.9287777777777779, "train_recall": 0.8161111111111113, "train_sensitivity": 0.8161111111111113, "train_specificity": 0.9947777777777772, "train_balanced_accuracy": 0.9056666666666667}, "16": {"train_per_image_iou": 0.7497777777777777, "train_dataset_iou": 0.8625555555555555, "train_average_loss": 0.07766666666666666, "train_f1_score": 0.9253333333333333, "train_accuracy": 0.9895555555555545, "train_precision": 0.932555555555555, "train_recall": 0.8215555555555554, "train_sensitivity": 0.8215555555555554, "train_specificity": 0.995444444444444, "train_balanced_accuracy": 0.9085555555555557}, "17": {"train_per_image_iou": 0.7572222222222221, "train_dataset_iou": 0.8662222222222227, "train_average_loss": 0.07477777777777778, "train_f1_score": 0.9275555555555558, "train_accuracy": 0.9901111111111102, "train_precision": 0.9354444444444444, "train_recall": 0.8233333333333336, "train_sensitivity": 0.8233333333333336, "train_specificity": 0.9954444444444438, "train_balanced_accuracy": 0.9094444444444445}, "18": {"train_per_image_iou": 0.764888888888889, "train_dataset_iou": 0.8700000000000003, "train_average_loss": 0.07277777777777776, "train_f1_score": 0.9298888888888889, "train_accuracy": 0.9902222222222211, "train_precision": 0.9347777777777779, "train_recall": 0.8344444444444442, "train_sensitivity": 0.8344444444444442, "train_specificity": 0.9962222222222219, "train_balanced_accuracy": 0.9141111111111112}, "19": {"train_per_image_iou": 0.7685555555555555, "train_dataset_iou": 0.8723333333333337, "train_average_loss": 0.07133333333333332, "train_f1_score": 0.9313333333333337, "train_accuracy": 0.9897777777777768, "train_precision": 0.938111111111111, "train_recall": 0.8370000000000002, "train_sensitivity": 0.8370000000000002, "train_specificity": 0.9961111111111105, "train_balanced_accuracy": 0.9160000000000001}, "20": {"train_per_image_iou": 0.7704444444444444, "train_dataset_iou": 0.8742222222222221, "train_average_loss": 0.06999999999999999, "train_f1_score": 0.9318888888888891,