{"1": {"train_per_image_iou": 0.14455555555555555, "train_dataset_iou": 0.17833333333333334, "train_average_loss": 0.7863333333333334, "train_f1_score": 0.29277777777777786, "train_accuracy": 0.6325555555555555, "train_precision": 0.1808888888888889, "train_recall": 0.8333333333333334, "train_sensitivity": 0.8333333333333334, "train_specificity": 0.6053333333333333, "train_balanced_accuracy": 0.7192222222222225}, "2": {"train_per_image_iou": 0.36833333333333346, "train_dataset_iou": 0.4693333333333334, "train_average_loss": 0.6656666666666664, "train_f1_score": 0.6277777777777781, "train_accuracy": 0.9271111111111112, "train_precision": 0.4896666666666666, "train_recall": 0.8096666666666665, "train_sensitivity": 0.8096666666666665, "train_specificity": 0.9215555555555556, "train_balanced_accuracy": 0.8658888888888885}, "3": {"train_per_image_iou": 0.4884444444444445, "train_dataset_iou": 0.6020000000000001, "train_average_loss": 0.5398888888888891, "train_f1_score": 0.7435555555555554, "train_accuracy": 0.9599999999999993, "train_precision": 0.643888888888889, "train_recall": 0.8021111111111111, "train_sensitivity": 0.8021111111111111, "train_specificity": 0.9617777777777775, "train_balanced_accuracy": 0.8811111111111111}, "4": {"train_per_image_iou": 0.5384444444444443, "train_dataset_iou": 0.6537777777777777, "train_average_loss": 0.43922222222222224, "train_f1_score": 0.7851111111111111, "train_accuracy": 0.9685555555555554, "train_precision": 0.7126666666666666, "train_recall": 0.7765555555555556, "train_sensitivity": 0.7765555555555556, "train_specificity": 0.9734444444444441, "train_balanced_accuracy": 0.8751111111111111}, "5": {"train_per_image_iou": 0.5938888888888887, "train_dataset_iou": 0.7213333333333338, "train_average_loss": 0.3455555555555555, "train_f1_score": 0.833111111111111, "train_accuracy": 0.9769999999999996, "train_precision": 0.7865555555555557, "train_recall": 0.7845555555555552, "train_sensitivity": 0.7845555555555552, "train_specificity": 0.9822222222222217, "train_balanced_accuracy": 0.8831111111111115}, "6": {"train_per_image_iou": 0.6323333333333333, "train_dataset_iou": 0.7553333333333334, "train_average_loss": 0.27688888888888885, "train_f1_score": 0.8572222222222223, "train_accuracy": 0.9811111111111102, "train_precision": 0.8237777777777775, "train_recall": 0.7902222222222222, "train_sensitivity": 0.7902222222222222, "train_specificity": 0.9854444444444438, "train_balanced_accuracy": 0.8878888888888888}, "7": {"train_per_image_iou": 0.6508888888888887, "train_dataset_iou": 0.7753333333333333, "train_average_loss": 0.2304444444444443, "train_f1_score": 0.8713333333333334, "train_accuracy": 0.9829999999999992, "train_precision": 0.8522222222222222, "train_recall": 0.7884444444444445, "train_sensitivity": 0.7884444444444445, "train_specificity": 0.9883333333333324, "train_balanced_accuracy": 0.888444444444444}, "8": {"train_per_image_iou": 0.6648888888888892, "train_dataset_iou": 0.7819999999999996, "train_average_loss": 0.19733333333333336, "train_f1_score": 0.8758888888888892, "train_accuracy": 0.9839999999999995, "train_precision": 0.8602222222222222, "train_recall": 0.791222222222222, "train_sensitivity": 0.791222222222222, "train_specificity": 0.9894444444444435, "train_balanced_accuracy": 0.8906666666666668}, "9": {"train_per_image_iou": 0.6783333333333335, "train_dataset_iou": 0.7921111111111109, "train_average_loss": 0.1713333333333333, "train_f1_score": 0.882333333333333, "train_accuracy": 0.9849999999999994, "train_precision": 0.8732222222222222, "train_recall": 0.7884444444444444, "train_sensitivity": 0.7884444444444444, "train_specificity": 0.9898888888888883, "train_balanced_accuracy": 0.8901111111111114}, "10": {"train_per_image_iou": 0.701111111111111, "train_dataset_iou": 0.8198888888888887, "train_average_loss": 0.1422222222222222, "train_f1_score": 0.9001111111111115, "train_accuracy": 0.9869999999999995, "train_precision": 0.8980000000000002, "train_recall": 0.8011111111111109, "train_sensitivity": 0.8011111111111109, "train_specificity": 0.9923333333333326, "train_balanced_accuracy": 0.8968888888888892}, "11": {"train_per_image_iou": 0.7136666666666669, "train_dataset_iou": 0.8332222222222222, "train_average_loss": 0.1264444444444445, "train_f1_score": 0.9076666666666668, "train_accuracy": 0.9885555555555547, "train_precision": 0.9072222222222223, "train_recall": 0.8087777777777775, "train_sensitivity": 0.8087777777777775, "train_specificity": 0.992666666666666, "train_balanced_accuracy": 0.9011111111111115}, "12": {"train_per_image_iou": 0.7159999999999996, "train_dataset_iou": 0.8292222222222222, "train_average_loss": 0.12244444444444443, "train_f1_score": 0.9056666666666667, "train_accuracy": 0.9879999999999989, "train_precision": 0.9081111111111113, "train_recall": 0.8025555555555556, "train_sensitivity": 0.8025555555555556, "train_specificity": 0.9929999999999995, "train_balanced_accuracy": 0.8975555555555556}, "13": {"train_per_image_iou": 0.733222222222222, "train_dataset_iou": 0.8428888888888884, "train_average_loss": 0.1108888888888889, "train_f1_score": 0.9134444444444441, "train_accuracy": 0.9886666666666658, "train_precision": 0.9141111111111117, "train_recall": 0.8207777777777777, "train_sensitivity": 0.8207777777777777, "train_specificity": 0.9932222222222216, "train_balanced_accuracy": 0.9073333333333333}, "14": {"train_per_image_iou": 0.7237777777777777, "train_dataset_iou": 0.8377777777777782, "train_average_loss": 0.10922222222222222, "train_f1_score": 0.9104444444444444, "train_accuracy": 0.9885555555555547, "train_precision": 0.9158888888888891, "train_recall": 0.8043333333333333, "train_sensitivity": 0.8043333333333333, "train_specificity": 0.9933333333333326, "train_balanced_accuracy": 0.8993333333333333}, "15": {"train_per_image_iou": 0.7466666666666666, "train_dataset_iou": 0.8566666666666669, "train_average_loss": 0.09444444444444447, "train_f1_score": 0.9219999999999997, "train_accuracy": 0.9893333333333325, "train_precision": 0.9247777777777775, "train_recall": 0.8274444444444441, "train_sensitivity": 0.8274444444444441, "train_specificity": 0.9938888888888883, "train_balanced_accuracy": 0.9112222222222223}, "16": {"train_per_image_iou": 0.7485555555555558, "train_dataset_iou": 0.8544444444444446, "train_average_loss": 0.09511111111111112, "train_f1_score": 0.9206666666666666, "train_accuracy": 0.9893333333333323, "train_precision": 0.9206666666666666, "train_recall": 0.8279999999999998, "train_sensitivity": 0.8279999999999998, "train_specificity": 0.9941111111111105, "train_balanced_accuracy": 0.9105555555555556}, "17": {"train_per_image_iou": 0.7624444444444445, "train_dataset_iou": 0.8618888888888887, "train_average_loss": 0.08855555555555553, "train_f1_score": 0.9245555555555561, "train_accuracy": 0.9898888888888878, "train_precision": 0.926777777777778, "train_recall": 0.841111111111111, "train_sensitivity": 0.841111111111111, "train_specificity": 0.9939999999999997, "train_balanced_accuracy": 0.9181111111111117}, "18": {"train_per_image_iou": 0.7673333333333336, "train_dataset_iou": 0.8626666666666667, "train_average_loss": 0.08644444444444442, "train_f1_score": 0.9256666666666669, "train_accuracy": 0.9882222222222214, "train_precision": 0.9318888888888884, "train_recall": 0.8393333333333333, "train_sensitivity": 0.8393333333333333, "train_specificity": 0.995555555555555, "train_balanced_accuracy": 0.9174444444444442}, "19": {"train_per_image_iou": 0.7433333333333331, "train_dataset_iou": 0.8408888888888891, "train_average_loss": 0.09999999999999998, "train_f1_score": 0.9102222222222227, "train_accuracy": 0.9885555555555546, "train_precision": 0.9093333333333331, "train_recall": 0.8302222222222222, "train_sensitivity": 0.8302222222222222, "train_specificity": 0.9936666666666661, "train_balanced_accuracy": 0.912222222222222}, "20": {"train_per_image_iou": 0.7545555555555556, "train_dataset_iou": 0.8523333333333337, "train_average_loss": 0.08988888888888891,