{"1": {"train_per_image_iou": 0.28322222222222215, "train_dataset_iou": 0.39666666666666683, "train_average_loss": 0.6611111111111113, "train_f1_score": 0.5463333333333333, "train_accuracy": 0.9165555555555555, "train_precision": 0.43866666666666665, "train_recall": 0.5956666666666668, "train_sensitivity": 0.5956666666666668, "train_specificity": 0.9214444444444444, "train_balanced_accuracy": 0.7586666666666667}, "2": {"train_per_image_iou": 0.49755555555555564, "train_dataset_iou": 0.6321111111111112, "train_average_loss": 0.4248888888888889, "train_f1_score": 0.7672222222222224, "train_accuracy": 0.9659999999999995, "train_precision": 0.7010000000000002, "train_recall": 0.7250000000000003, "train_sensitivity": 0.7250000000000003, "train_specificity": 0.9718888888888882, "train_balanced_accuracy": 0.8481111111111113}, "3": {"train_per_image_iou": 0.5701111111111111, "train_dataset_iou": 0.7046666666666667, "train_average_loss": 0.30955555555555553, "train_f1_score": 0.8216666666666667, "train_accuracy": 0.9761111111111106, "train_precision": 0.7836666666666664, "train_recall": 0.7396666666666667, "train_sensitivity": 0.7396666666666667, "train_specificity": 0.9821111111111104, "train_balanced_accuracy": 0.8614444444444446}, "4": {"train_per_image_iou": 0.6154444444444441, "train_dataset_iou": 0.744777777777778, "train_average_loss": 0.2397777777777778, "train_f1_score": 0.8515555555555557, "train_accuracy": 0.9804444444444442, "train_precision": 0.8318888888888888, "train_recall": 0.7535555555555556, "train_sensitivity": 0.7535555555555556, "train_specificity": 0.9873333333333324, "train_balanced_accuracy": 0.8705555555555553}, "5": {"train_per_image_iou": 0.6525555555555557, "train_dataset_iou": 0.7847777777777776, "train_average_loss": 0.18477777777777787, "train_f1_score": 0.8773333333333334, "train_accuracy": 0.983444444444444, "train_precision": 0.8703333333333332, "train_recall": 0.7632222222222219, "train_sensitivity": 0.7632222222222219, "train_specificity": 0.9898888888888879, "train_balanced_accuracy": 0.877111111111111}, "6": {"train_per_image_iou": 0.6656666666666667, "train_dataset_iou": 0.7938888888888894, "train_average_loss": 0.1605555555555556, "train_f1_score": 0.8833333333333335, "train_accuracy": 0.9851111111111105, "train_precision": 0.8813333333333335, "train_recall": 0.7703333333333336, "train_sensitivity": 0.7703333333333336, "train_specificity": 0.9913333333333325, "train_balanced_accuracy": 0.8807777777777779}, "7": {"train_per_image_iou": 0.6744444444444446, "train_dataset_iou": 0.8007777777777776, "train_average_loss": 0.14866666666666664, "train_f1_score": 0.888, "train_accuracy": 0.9859999999999997, "train_precision": 0.8925555555555555, "train_recall": 0.7675555555555559, "train_sensitivity": 0.7675555555555559, "train_specificity": 0.9923333333333326, "train_balanced_accuracy": 0.8801111111111108}, "8": {"train_per_image_iou": 0.6895555555555555, "train_dataset_iou": 0.8154444444444441, "train_average_loss": 0.1303333333333333, "train_f1_score": 0.8974444444444447, "train_accuracy": 0.9872222222222216, "train_precision": 0.8991111111111111, "train_recall": 0.7828888888888892, "train_sensitivity": 0.7828888888888892, "train_specificity": 0.9923333333333326, "train_balanced_accuracy": 0.8878888888888891}, "9": {"train_per_image_iou": 0.6952222222222224, "train_dataset_iou": 0.8138888888888886, "train_average_loss": 0.1272222222222222, "train_f1_score": 0.8956666666666666, "train_accuracy": 0.9864444444444437, "train_precision": 0.9006666666666671, "train_recall": 0.7855555555555552, "train_sensitivity": 0.7855555555555552, "train_specificity": 0.9927777777777772, "train_balanced_accuracy": 0.8889999999999999}, "10": {"train_per_image_iou": 0.717111111111111, "train_dataset_iou": 0.836888888888889, "train_average_loss": 0.109, "train_f1_score": 0.9098888888888887, "train_accuracy": 0.9886666666666656, "train_precision": 0.9126666666666666, "train_recall": 0.8002222222222224, "train_sensitivity": 0.8002222222222224, "train_specificity": 0.9929999999999994, "train_balanced_accuracy": 0.8967777777777773}, "11": {"train_per_image_iou": 0.7380000000000002, "train_dataset_iou": 0.8482222222222221, "train_average_loss": 0.1003333333333333, "train_f1_score": 0.9170000000000004, "train_accuracy": 0.9894444444444435, "train_precision": 0.9196666666666666, "train_recall": 0.8157777777777778, "train_sensitivity": 0.8157777777777778, "train_specificity": 0.9941111111111106, "train_balanced_accuracy": 0.9050000000000005}, "12": {"train_per_image_iou": 0.7507777777777777, "train_dataset_iou": 0.8598888888888893, "train_average_loss": 0.08999999999999996, "train_f1_score": 0.9240000000000005, "train_accuracy": 0.9893333333333325, "train_precision": 0.9292222222222222, "train_recall": 0.8245555555555554, "train_sensitivity": 0.8245555555555554, "train_specificity": 0.9949999999999997, "train_balanced_accuracy": 0.9095555555555557}, "13": {"train_per_image_iou": 0.7568888888888888, "train_dataset_iou": 0.8632222222222227, "train_average_loss": 0.08677777777777776, "train_f1_score": 0.9263333333333333, "train_accuracy": 0.9895555555555546, "train_precision": 0.9305555555555554, "train_recall": 0.8324444444444451, "train_sensitivity": 0.8324444444444451, "train_specificity": 0.9958888888888885, "train_balanced_accuracy": 0.9131111111111113}, "14": {"train_per_image_iou": 0.7623333333333335, "train_dataset_iou": 0.8672222222222219, "train_average_loss": 0.08277777777777774, "train_f1_score": 0.9282222222222227, "train_accuracy": 0.9902222222222211, "train_precision": 0.9335555555555554, "train_recall": 0.8316666666666664, "train_sensitivity": 0.8316666666666664, "train_specificity": 0.9957777777777773, "train_balanced_accuracy": 0.9132222222222225}, "15": {"train_per_image_iou": 0.7733333333333335, "train_dataset_iou": 0.8756666666666665, "train_average_loss": 0.07599999999999998, "train_f1_score": 0.9330000000000002, "train_accuracy": 0.9903333333333323, "train_precision": 0.9375555555555551, "train_recall": 0.8405555555555553, "train_sensitivity": 0.8405555555555553, "train_specificity": 0.9963333333333331, "train_balanced_accuracy": 0.9177777777777781}, "16": {"train_per_image_iou": 0.7741111111111111, "train_dataset_iou": 0.8769999999999998, "train_average_loss": 0.07555555555555551, "train_f1_score": 0.9337777777777782, "train_accuracy": 0.9899999999999991, "train_precision": 0.9400000000000001, "train_recall": 0.8397777777777776, "train_sensitivity": 0.8397777777777776, "train_specificity": 0.997222222222222, "train_balanced_accuracy": 0.9180000000000003}, "17": {"train_per_image_iou": 0.7841111111111112, "train_dataset_iou": 0.8842222222222222, "train_average_loss": 0.06922222222222219, "train_f1_score": 0.9391111111111111, "train_accuracy": 0.9906666666666657, "train_precision": 0.9429999999999998, "train_recall": 0.8504444444444442, "train_sensitivity": 0.8504444444444442, "train_specificity": 0.9973333333333331, "train_balanced_accuracy": 0.9228888888888888}, "18": {"train_per_image_iou": 0.7954444444444445, "train_dataset_iou": 0.8924444444444445, "train_average_loss": 0.06444444444444442, "train_f1_score": 0.9432222222222225, "train_accuracy": 0.9911111111111102, "train_precision": 0.9481111111111112, "train_recall": 0.853666666666667, "train_sensitivity": 0.853666666666667, "train_specificity": 0.9976666666666666, "train_balanced_accuracy": 0.9246666666666671}, "19": {"train_per_image_iou": 0.8025555555555558, "train_dataset_iou": 0.8913333333333332, "train_average_loss": 0.0637777777777778, "train_f1_score": 0.9423333333333334, "train_accuracy": 0.9911111111111102, "train_precision": 0.9473333333333329, "train_recall": 0.8637777777777781, "train_sensitivity": 0.8637777777777781, "train_specificity": 0.9977777777777778, "train_balanced_accuracy": 0.9298888888888887}, "20": {"train_per_image_iou": 0.8043333333333332, "train_dataset_iou": 0.8956666666666668, "train_average_loss": 0.061555555555555516,